submit_time,duration,cpu,memory,job_id,task_id,instances_num,disk,response_time,type
0,154.00514897945595,0.05614454315243007,0.07888257451435611,1,1,27,0,0,2
0,224.71017387246113,0.13282993957338657,0.09229497522624283,1,2,22,0,0,2
0,48.77463090957863,0.1458382517392144,0.09555173953715453,1,3,34,0,0,2
0,117.8628779422054,0.08936426031952235,0.10086811405960122,1,4,22,0,0,2
0,674.1599676152372,0.17879816099578194,0.054218701879650756,1,5,32,0,0,2
0,621.7429814274697,0.11096770516997173,0.1069276414225706,2,1,5,0,0,2
0,293.55886207431985,0.12286073654784813,0.1453847766996241,2,2,36,0,0,2
0,157.82795353000262,0.19454861436953902,0.0698687065500352,2,3,5,0,0,2
0,30.62232471905652,0.1256685899107705,0.09935770865598337,2,4,43,0,0,2
0,23.23276631315097,0.15991814199018384,0.13544976299556843,3,1,11,0,0,1
0,27.48856397909423,0.19505778906556326,0.18420284360315442,3,2,42,0,0,1
0,20.0347095622926,0.13111176167096006,0.052542296330621976,3,3,23,0,0,1
0,171.42754409215522,0.1757707205972569,0.16229706503548358,3,4,32,0,0,1
0,92.0075312660496,0.07277594489805353,0.1252290475454893,4,1,20,0,0,2
0,171.40189281372454,0.16438842222134262,0.07147496647936316,4,2,34,0,0,2
0,286.1934811425848,0.0916080040583614,0.1708719612427156,4,3,35,0,0,2
0,231.74623570658167,0.05286399346234943,0.0842211711027932,4,4,41,0,0,2
0,143.19306204172065,0.06668895367982876,0.13133092625258536,4,5,38,0,0,2
0,18.720909630738205,0.1636270474678403,0.16046276175120763,5,1,30,0,0,1
0,231.7378595696242,0.0935821081962708,0.19918278896234615,5,2,44,0,0,1
0,42.8098459526428,0.1634989237763706,0.16181666343153794,5,3,18,0,0,1
0,728.3825299519818,0.09359954496582404,0.1100174259910341,5,4,34,0,0,1
0,175.50992605061998,0.1594218548425705,0.12080836736850549,5,5,28,0,0,1
0,211.40534773898617,0.17387588157124045,0.08542170091908995,6,1,48,0,0,2
0,167.04249341246884,0.050099969209248175,0.14826245649526665,6,2,32,0,0,2
0,293.47657855914315,0.05493981630880251,0.17247501615620653,6,3,34,0,0,2
0,86.26007215229554,0.05703973423381059,0.10195831417853553,6,4,38,0,0,2
0,119.24008893385216,0.19032218197570472,0.1475598295344605,7,1,37,0,0,1
0,278.4395081465733,0.07986553603167375,0.1079575680344562,7,2,8,0,0,1
0,167.92550283781532,0.10469727101075388,0.06831191025205818,7,3,40,0,0,1
0,208.8654391391563,0.09472855284447024,0.11776938765833993,7,4,28,0,0,1
0,619.7567796467877,0.11784578088191641,0.05799167638468912,8,1,29,0,0,1
0,154.37332848249275,0.08568264666905559,0.11536483048737661,8,2,48,0,0,1
0,211.39115669551353,0.195867503318863,0.1590526942342922,8,3,49,0,0,1
0,128.9532270464931,0.05031485421208634,0.15788122480030875,8,4,5,0,0,1
0,210.3848561210027,0.1723791793516954,0.17788548394102327,9,1,26,0,0,2
0,282.33225481828896,0.16522066686134285,0.06579707498062526,9,2,42,0,0,2
0,554.5723110119644,0.07621193155455061,0.08736252709603948,9,3,21,0,0,2
0,194.0800923729373,0.0745649914013263,0.06742229235174901,10,1,7,0,0,2
0,374.0649489278833,0.061620168318547844,0.1938121084396317,10,2,36,0,0,2
0,215.62356229097713,0.10887994655993236,0.07045628984865025,10,3,24,0,0,2
0,691.206472723982,0.05557435641419837,0.07930609524273687,10,4,26,0,0,2
0,113.20818528396342,0.14669240652485416,0.1422195945441653,11,1,28,0,0,2
0,435.3419712446524,0.05621531800908793,0.12027215592107623,11,2,42,0,0,2
0,220.9560304034201,0.1371939923918612,0.19901561590042782,11,3,26,0,0,2
0,717.2156553110531,0.15473685663069747,0.08185101344769882,11,4,41,0,0,2
0,105.63437083685707,0.07948342377904137,0.10127063038353162,11,5,45,0,0,2
0,210.7357648699592,0.12370625856148047,0.18594154643825667,12,1,19,0,0,1
0,224.30684813270403,0.15930481342978953,0.19229187464688724,12,2,47,0,0,1
0,347.4469854329668,0.10585979003219205,0.15482596217209627,13,1,9,0,0,2
0,183.0126858235186,0.12636827028342862,0.19801052391916435,13,2,7,0,0,2
0,127.12917090932017,0.06758360256302297,0.17528821330860794,14,1,29,0,0,2
0,118.78251682109814,0.16687075126014905,0.14943983683931206,14,2,5,0,0,2
0,77.71411226923549,0.14399620622772621,0.05435010660582376,14,3,39,0,0,2
0,593.062028223077,0.168694485213633,0.11622179070343064,14,4,14,0,0,2
0,224.93494198373023,0.17927747898827645,0.1598423395930263,15,1,16,0,0,1
0,263.7268053578607,0.17508364413055,0.08583528129126106,15,2,28,0,0,1
0,65.33214144882251,0.05779612769038613,0.05650984776444612,15,3,9,0,0,1
0,36.05526244988104,0.14121352015612954,0.15788948118635335,15,4,13,0,0,1
0,245.1981249136553,0.18474707450758815,0.06269442489358087,15,5,15,0,0,1
0,268.99866027056,0.15056650841752484,0.0890664419276834,16,1,7,0,0,1
0,90.5207020235964,0.12932493111114965,0.17108021883338626,16,2,17,0,0,1
0,92.1075158076708,0.12109972912107274,0.05697479286012705,16,3,37,0,0,1
0,100.86597880360478,0.06344072941956796,0.1942830383635672,16,4,28,0,0,1
0,35.779413679426185,0.12471121938354301,0.17069868816558387,16,5,37,0,0,1
0,411.87346931622494,0.10535867430696588,0.08890220175093176,17,1,44,0,0,2
0,122.78785707723476,0.11418963203516495,0.18288662589632348,17,2,45,0,0,2
0,291.034319492657,0.11851062547715488,0.1210363958807526,18,1,27,0,0,2
0,549.6258911436144,0.18374830044480234,0.16115319434788036,18,2,24,0,0,2
0,3.861670470502163,0.137041971071949,0.07049918667007182,18,3,38,0,0,2
0,222.95373026335423,0.12137135415469173,0.12623486810861778,19,1,50,0,0,2
0,118.03857318091684,0.09486882103090796,0.05942124481130237,19,2,35,0,0,2
0,20.404969576482618,0.16569280721934967,0.18541497939337193,19,3,41,0,0,2
0,96.59323840185948,0.10921485816684763,0.15754021131297785,20,1,17,0,0,1
0,124.58182612048007,0.11932099272072645,0.1424858099384277,20,2,41,0,0,1
0,189.15994390891692,0.13263619384833059,0.16530216707316422,20,3,40,0,0,1
0,647.9932433912909,0.18076153123176952,0.1351844449587994,20,4,11,0,0,1
0,180.86112475566017,0.13544727988673946,0.11888669580137211,21,1,43,0,0,1
0,591.6250004893031,0.09865367996077026,0.18588835957991068,21,2,19,0,0,1
0,84.28941831630108,0.06667775994847094,0.19631488489044113,21,3,31,0,0,1
0,515.2309618795229,0.05409628230835094,0.11774353792329027,22,1,34,0,0,1
0,30.17412633409681,0.16438985220648633,0.16277127518463896,22,2,13,0,0,1
0,279.2511883997987,0.05960632974097063,0.10409174484373317,22,3,50,0,0,1
0,451.954444615454,0.1949006527522425,0.13208522358099625,22,4,39,0,0,1
0,452.8009894570074,0.19945094168200145,0.07148079525789393,23,1,18,0,0,2
0,399.1342689358933,0.0643372841563846,0.06053018157566298,23,2,47,0,0,2
0,202.7437280540575,0.08110354706020072,0.1967169850138733,23,3,39,0,0,2
0,219.4942288966072,0.08087784099195708,0.1668818717111903,24,1,18,0,0,2
0,292.95623474390806,0.05416092646226153,0.1590753363140191,24,2,29,0,0,2
0,237.92974658782373,0.15440844520012365,0.09399815251372423,24,3,39,0,0,2
0,71.1914891857665,0.06313154044253211,0.11280532095668182,24,4,6,0,0,2
0,677.2048655434758,0.09004296528860206,0.1721542786614671,25,1,28,0,0,2
0,723.4656931402399,0.09154211609649907,0.1264930399282449,25,2,29,0,0,2
0,174.79548968164093,0.06515099416385103,0.18926122542450707,25,3,29,0,0,2
0,224.9634543580303,0.19237973210506698,0.05550063656074834,25,4,6,0,0,2
0,193.0544185538625,0.09117262080514427,0.18023951935642157,26,1,44,0,0,2
0,43.865438253989694,0.16934587840957688,0.14019676355895244,26,2,28,0,0,2
0,96.62568888108252,0.06814630186029963,0.08830440824013502,26,3,41,0,0,2
0,44.669345625065176,0.14648263814387502,0.050987916070626464,26,4,27,0,0,2
0,161.1720343854292,0.05686221132138194,0.1813006711334979,27,1,21,0,0,2
0,719.3313771653236,0.15191768917368292,0.17591417202610476,27,2,11,0,0,2
0,322.6853463277852,0.08181768684566529,0.05730329386397039,28,1,27,0,0,1
0,45.15234794907187,0.05389384019803717,0.18508106504536642,28,2,13,0,0,1
0,66.78577754884222,0.15550817196494904,0.16905208158536383,28,3,45,0,0,1
0,144.73720618291406,0.1243882357425842,0.1695994982309682,28,4,14,0,0,1
0,720.0091919368344,0.05240726089192277,0.09507344209202834,29,1,25,0,0,1
0,207.9499421640009,0.0693374266830281,0.1822863867310659,29,2,31,0,0,1
0,224.3827513514183,0.12924644386713469,0.08617236911026044,30,1,11,0,0,1
0,160.11501207665378,0.1195445898051128,0.15986550352238232,30,2,44,0,0,1
0,38.660520989780835,0.11352198233162542,0.19774385470588507,31,1,16,0,0,1
0,83.83828189464738,0.09749558886898452,0.05104948238826357,31,2,16,0,0,1
0,63.75550413862032,0.1620233778513878,0.07808407638606574,31,3,28,0,0,1
0,281.0301461570641,0.13493638248026574,0.18611400084030005,31,4,49,0,0,1
0,370.4075671870097,0.07363229628192812,0.05219785352576994,32,1,8,0,0,2
0,117.82585372657304,0.10959126959066837,0.1412240287987714,32,2,32,0,0,2
0,245.81195127462811,0.1324894759101395,0.05088180524459029,33,1,21,0,0,1
0,204.08964372744464,0.1327169685392537,0.08768024199396532,33,2,13,0,0,1
0,2.869527958450381,0.0685137255984005,0.1194330960947561,34,1,29,0,0,2
0,565.5501602143829,0.15755479280010531,0.05706009740700799,34,2,17,0,0,2
0,749.6356318269534,0.16494294339290283,0.0713046413269237,34,3,7,0,0,2
0,17.92643590886455,0.17861277694899003,0.11252294013945754,35,1,31,0,0,1
0,74.27676324322879,0.08157000654616157,0.05798658710054564,35,2,38,0,0,1
0,272.9865395925014,0.17993645027676003,0.10813883078201522,36,1,45,0,0,2
0,425.3731030303419,0.1255483232323294,0.19456398219968118,36,2,45,0,0,2
0,94.22517584590778,0.1714607875072105,0.05106677532822991,36,3,10,0,0,2
0,29.216792442709263,0.16409356066130498,0.127472364170704,37,1,31,0,0,2
0,225.27805999064608,0.11603265975667268,0.15095845169558092,37,2,8,0,0,2
0,290.7205521637014,0.059519395981593726,0.09579554965993164,37,3,50,0,0,2
0,169.9557215131142,0.07264805468855659,0.05771632972014678,37,4,45,0,0,2
0,89.08710276880763,0.12631715813026545,0.07892330065126409,37,5,27,0,0,2
0,40.123329034942905,0.17926942289093772,0.16546836376310253,38,1,44,0,0,2
0,464.84929789989786,0.11426161320150646,0.06049233802700238,38,2,36,0,0,2
0,95.06601654893028,0.18545443723751703,0.1501559385752203,39,1,7,0,0,2
0,47.669995931165445,0.11700266693889064,0.09992629689563187,39,2,16,0,0,2
0,187.96629464728693,0.10516156692672818,0.12153124027554651,40,1,43,0,0,2
0,30.711787152439175,0.1594851118067268,0.19535373787860794,40,2,14,0,0,2
0,43.03159083086085,0.1154712654793009,0.0994092399857858,40,3,38,0,0,2
0,84.32320602034756,0.05721030226797909,0.1216312564586597,40,4,31,0,0,2
0,207.21095168586035,0.1049097956296674,0.06162426535835414,40,5,16,0,0,2
0,165.50883516985087,0.058222473877564046,0.16631684063419958,41,1,44,0,0,2
0,18.659444145434488,0.14447141447995093,0.12467404086120085,41,2,45,0,0,2
0,180.4624960820449,0.19192153559658914,0.05063978851656817,41,3,45,0,0,2
0,82.13405280954011,0.11502062753469437,0.13977922221637656,42,1,6,0,0,2
0,193.75760460920537,0.1605039854372209,0.12031164032553111,42,2,15,0,0,2
0,98.91603170265404,0.06738883237189666,0.08447031775237429,42,3,36,0,0,2
0,266.63887560184867,0.07736268569068931,0.19539225320835923,42,4,25,0,0,2
0,390.55886444789746,0.05582199937999399,0.1660339574972864,43,1,48,0,0,1
0,282.64843435442424,0.19247589397726184,0.16143200664573915,43,2,35,0,0,1
0,31.288628693928946,0.056299009439301606,0.11736560196766414,44,1,7,0,0,2
0,194.8531458320209,0.1194450729470972,0.16910852749314054,44,2,36,0,0,2
0,76.96951247773708,0.05726724128484389,0.1659163428699821,44,3,49,0,0,2
0,153.9087795615322,0.16134989333548885,0.061298746956385805,44,4,40,0,0,2
0,116.5077867935644,0.1645349335521089,0.1788033063950345,44,5,49,0,0,2
0,8.70841150346561,0.18678210959708197,0.10361893236672133,45,1,24,0,0,2
0,40.1392950900203,0.18139683658912542,0.10151211161281622,45,2,37,0,0,2
0,432.70249761840125,0.1376108998556566,0.10984691978479197,45,3,5,0,0,2
0,31.525316354525707,0.11093225537840473,0.18453706004550469,46,1,22,0,0,1
0,66.08526377386607,0.17107937282212,0.0888483114752468,46,2,38,0,0,1
0,94.7056113968671,0.17139256064651182,0.15170579811737336,46,3,19,0,0,1
0,123.60264680564272,0.10506089619446017,0.09955678451935962,47,1,17,0,0,1
0,285.4341441256228,0.05013600178403435,0.06616075669143442,47,2,26,0,0,1
0,116.7911639436116,0.17747248820073352,0.12271624003750424,47,3,18,0,0,1
0,160.17035904353418,0.13924373333540774,0.14205634179846927,47,4,32,0,0,1
0,293.93034394594616,0.1443964901945761,0.07148572176298996,47,5,38,0,0,1
0,314.262349856639,0.14919707158277745,0.19408620053136566,48,1,49,0,0,1
0,810.4407877754109,0.18956799369894467,0.1264973250549048,48,2,34,0,0,1
0,537.138577053854,0.18127368337815247,0.10759275504026224,49,1,9,0,0,2
0,263.5536961172273,0.07318877156262443,0.09829892044517549,49,2,16,0,0,2
0,68.96852467592491,0.050637682697308395,0.10788137812524717,49,3,15,0,0,2
0,108.54300797391782,0.18652869600471522,0.06159063674925452,49,4,9,0,0,2
0,224.65797882165907,0.05573950044592543,0.07442127087244098,49,5,43,0,0,2
0,370.94427193467413,0.07683669930178648,0.1406273224363999,50,1,11,0,0,1
0,51.60091803241506,0.06123081828247636,0.13691464561164768,50,2,45,0,0,1
0,59.091351577936656,0.05439964522621449,0.06865546267207513,51,1,9,0,0,1
0,81.3729905388203,0.10366965654987317,0.11797536011494487,51,2,38,0,0,1
0,353.7111028913857,0.1279947959320865,0.0878845225975422,51,3,33,0,0,1
0,703.4419916629622,0.19228613529683525,0.14642843471562944,51,4,26,0,0,1
0,471.9374227233868,0.07561327041896895,0.08844653290068386,51,5,18,0,0,1
0,202.25351821600736,0.058308411178720015,0.15037761265494243,52,1,33,0,0,2
0,929.0328297575828,0.1089602346867263,0.06152813489922331,52,2,40,0,0,2
0,342.3199120051983,0.18922653391559463,0.09762130009532904,52,3,27,0,0,2
0,21.39428262222656,0.09739238827138846,0.16909142909230787,52,4,25,0,0,2
0,299.79883011875603,0.10355254351360473,0.14346951266123753,53,1,23,0,0,2
0,297.0796069523155,0.17173707716328213,0.06022529760227871,53,2,13,0,0,2
0,254.17539586833112,0.1680868139386606,0.1813141294888519,54,1,18,0,0,1
0,366.5529941276114,0.07615479205496462,0.11807069471637861,54,2,40,0,0,1
0,159.75682428969273,0.09142061715429363,0.1285253422432625,55,1,42,0,0,1
0,35.70327988042785,0.10251329588684345,0.16709681038155583,55,2,9,0,0,1
0,263.9375000164649,0.119359675869954,0.15568745442381396,55,3,42,0,0,1
0,166.0627298291882,0.19557138666729085,0.17603532074930994,55,4,28,0,0,1
0,392.446926827436,0.09562172667894231,0.13228437645877056,55,5,7,0,0,1
0,103.03847615346702,0.13881339626564593,0.15756752613288347,56,1,41,0,0,2
0,5.311771069186886,0.1015009410118379,0.05565082515573517,56,2,11,0,0,2
0,127.35444641792196,0.10891208595641823,0.07058342043383976,56,3,38,0,0,2
0,186.80655418914205,0.14406901900453284,0.06068166940802233,57,1,43,0,0,1
0,143.00711489422443,0.08056004266331693,0.06687291677005815,57,2,18,0,0,1
0,175.65601642152922,0.16737765655262965,0.1617527902480791,58,1,42,0,0,1
0,188.73298700487467,0.06956287619192118,0.18402682719462227,58,2,7,0,0,1
0,59.22060242436431,0.18169833517251016,0.10193438736964693,58,3,21,0,0,1
0,286.3624931601273,0.08405870478861896,0.1866976115054445,58,4,18,0,0,1
0,101.00297331366984,0.1120606051528319,0.07759232699215912,58,5,27,0,0,1
0,126.07785235933612,0.19481133286875718,0.1146199141571923,59,1,26,0,0,2
0,272.8845958716045,0.11877820742960225,0.1359087491490184,59,2,24,0,0,2
0,76.50446842881979,0.09399397989717304,0.11171284501264911,59,3,39,0,0,2
0,372.67538825920064,0.18364392420284015,0.053430475950078875,59,4,26,0,0,2
0,163.85890847727694,0.12190422691371451,0.1622784427171482,60,1,36,0,0,2
0,8.187927902654522,0.1874844122949545,0.1654799649942298,60,2,43,0,0,2
0,433.963848982484,0.07603329756019866,0.10908302902515976,60,3,24,0,0,2
0,271.9806488739004,0.10372743827402031,0.174241731876218,61,1,12,0,0,1
0,262.84488738415484,0.14717408141837562,0.0991082047714103,61,2,15,0,0,1
0,224.52173637703507,0.1813138587579175,0.13233083715318134,61,3,37,0,0,1
0,105.22910520128806,0.06917248343449164,0.13054382075195642,61,4,47,0,0,1
0,277.5705836901603,0.15470304341234775,0.18283698223938266,61,5,18,0,0,1
0,95.07264875562636,0.18076659939141282,0.1432721387784171,62,1,18,0,0,1
0,134.87623323548584,0.1901184001312186,0.12530207418907305,62,2,18,0,0,1
0,195.95631674003752,0.08199593016141207,0.10189815866280671,62,3,9,0,0,1
0,635.1774113971367,0.10793171454575085,0.17464434801900527,62,4,42,0,0,1
0,50.06748429883702,0.06483585398552494,0.09173920342506725,63,1,22,0,0,1
0,36.56653890716924,0.13081189665887388,0.05090396514588122,63,2,49,0,0,1
0,141.56422248077993,0.14832501990608055,0.18028668151562866,64,1,16,0,0,2
0,239.2288130553864,0.11303557216016884,0.07909981218711028,64,2,13,0,0,2
0,12.031384009306786,0.1046090461336345,0.05845006053455614,64,3,13,0,0,2
0,53.99868282062621,0.12442262567880902,0.06387324794954367,64,4,10,0,0,2
0,113.18253002480368,0.07827547634644615,0.06241269624443652,64,5,22,0,0,2
0,256.2893519377391,0.05221059668484281,0.07848040095178156,65,1,32,0,0,1
0,51.344004826972,0.10761220178696702,0.19964010969233636,65,2,18,0,0,1
0,230.2248755349856,0.15891541195139108,0.07623013562894435,65,3,34,0,0,1
0,55.85300441041081,0.17342638257784976,0.13561992048859106,66,1,39,0,0,1
0,84.04046533721379,0.17304555977690267,0.08319971529879641,66,2,44,0,0,1
0,219.01933031167312,0.1829358209305682,0.09106041458095512,67,1,25,0,0,2
0,113.98199745024516,0.10264455283663501,0.08830748243091266,67,2,37,0,0,2
0,257.4137310042021,0.13136057668208895,0.09730427565633612,67,3,48,0,0,2
0,225.3443060619497,0.15199583154457375,0.17345752621041244,68,1,49,0,0,1
0,660.3323680315851,0.10182111679098181,0.13023610366759614,68,2,5,0,0,1
0,81.88010807776297,0.12226521808998975,0.10320779300911678,68,3,23,0,0,1
0,285.01777746462807,0.19848650690523684,0.0552823281579477,69,1,34,0,0,2
0,295.4636633879247,0.08168773942305765,0.14990632589040126,69,2,40,0,0,2
0,517.9139232818916,0.11787556562853362,0.14219128286126612,69,3,14,0,0,2
0,26.26120210705585,0.0676773581036507,0.11012182071244671,70,1,24,0,0,2
0,268.1571713426022,0.060720196920674575,0.14401466304340624,70,2,18,0,0,2
0,249.89125165839727,0.10282987397752981,0.15616414685456043,71,1,41,0,0,2
0,280.33923383593134,0.18748152550563318,0.1291348416253008,71,2,5,0,0,2
0,520.124946232218,0.09958913866066654,0.12530121484159357,71,3,22,0,0,2
0,37.75536499162936,0.09390366831435246,0.08788854119585476,71,4,50,0,0,2
0,263.40363990996497,0.1195707540329545,0.18944473291195602,71,5,32,0,0,2
0,261.2762743372034,0.0554341793368495,0.0623668326757916,72,1,28,0,0,1
0,133.89636546101812,0.09123560282404605,0.17374267251817263,72,2,33,0,0,1
0,401.8871872253461,0.19990073336807518,0.10434563324528726,72,3,9,0,0,1
0,176.6950571955398,0.13305031240200238,0.050461178085061204,72,4,20,0,0,1
0,398.8343897821997,0.15399774263821636,0.08669223828860978,73,1,46,0,0,2
0,237.05838395843804,0.08249596985590074,0.19882136382809595,73,2,11,0,0,2
0,103.19305302457197,0.0641261229426185,0.07656006012737089,73,3,38,0,0,2
0,423.898874230512,0.06396399254129917,0.17709518361813437,74,1,42,0,0,2
0,61.30688835387695,0.17164372040351114,0.1689026763012078,74,2,9,0,0,2
0,253.51545970711456,0.14622325449771095,0.0831838053798721,74,3,45,0,0,2
0,30.04998818872874,0.1263415204915578,0.058529398199535704,74,4,21,0,0,2
0,209.09707734838983,0.07184355175535594,0.05225167089525038,74,5,14,0,0,2
0,200.22658571687813,0.17066310845902138,0.11125332519816813,75,1,32,0,0,2
0,92.17901984075787,0.1174541272002284,0.07381612526088424,75,2,43,0,0,2
0,148.6283002349349,0.07010998718458544,0.15086872716415814,75,3,37,0,0,2
0,599.9561957757819,0.09827081131702631,0.10067757902582475,75,4,41,0,0,2
0,145.17197613015895,0.06289847598126866,0.18756415148555328,76,1,43,0,0,2
0,190.5190399428617,0.1420784013281987,0.09072977785917641,76,2,22,0,0,2
0,100.36516124190692,0.1481951166663707,0.10012800715834017,76,3,23,0,0,2
0,274.1846990440723,0.19676820381422572,0.06684713171274334,76,4,16,0,0,2
0,16.358814253406287,0.18090332860675584,0.12485656492564888,76,5,39,0,0,2
0,83.80094038792045,0.06050419174922702,0.08521846174145076,77,1,25,0,0,2
0,307.7487021604841,0.18917492024947374,0.09791527540233791,77,2,24,0,0,2
0,246.18748564847596,0.1627925602444013,0.16290905661724814,77,3,26,0,0,2
0,23.70193414999788,0.10056457863646492,0.10995969703317511,77,4,29,0,0,2
0,284.05258377494204,0.10876717722174625,0.17539545945625173,78,1,18,0,0,1
0,140.51041508160958,0.18005767230767744,0.1808139263659212,78,2,8,0,0,1
0,185.7893776448078,0.07308497238070098,0.15233341074792234,78,3,45,0,0,1
0,13.677328466156071,0.1700569968445844,0.12194637427172737,79,1,5,0,0,1
0,288.9508159258379,0.05405718937656262,0.051846155023654736,79,2,50,0,0,1
0,194.58689465831864,0.08782026458341553,0.0770352289116151,79,3,19,0,0,1
0,240.99524885920292,0.13056778489690263,0.11650867190307201,80,1,20,0,0,1
0,253.61156476472215,0.1370212459227439,0.1601198188872336,80,2,17,0,0,1
0,149.15380672558135,0.11227223227580946,0.08427843539182495,80,3,14,0,0,1
0,50.471496055178285,0.11957607531296428,0.10449761331792565,81,1,38,0,0,1
0,131.2357824051677,0.07210916155594102,0.15459585761296518,81,2,46,0,0,1
0,580.7131124283985,0.11687469797962587,0.09839776666382866,81,3,27,0,0,1
0,150.97138217702462,0.07076920367700024,0.17001192370559284,82,1,7,0,0,1
0,547.1827891968843,0.066033067088481,0.1333496337889351,82,2,19,0,0,1
0,173.159724909115,0.16957257407101978,0.06453063527864376,82,3,18,0,0,1
0,457.7317696592488,0.16508252046687505,0.12837899319453555,83,1,50,0,0,2
0,177.52289027684876,0.1365231368062697,0.08157396858313584,83,2,27,0,0,2
0,516.2780262640354,0.17616806019000647,0.15756012878296177,83,3,13,0,0,2
0,235.2944069319664,0.05945635938849936,0.09188415962975294,83,4,43,0,0,2
0,161.04310013601722,0.10916682380993288,0.14423793081145647,83,5,22,0,0,2
0,219.67873100843417,0.06966803237248875,0.08808091348340699,84,1,27,0,0,2
0,236.65680824475663,0.14043518361308485,0.16150246294991272,84,2,32,0,0,2
0,197.37673525523468,0.09836009480622415,0.13949149887060297,85,1,26,0,0,2
0,124.90434987474882,0.08932981323543823,0.12056314903711425,85,2,28,0,0,2
0,154.7371916042876,0.05667269646229883,0.08647060254026079,85,3,9,0,0,2
0,94.20349735381156,0.14970136023861008,0.14216182980109662,86,1,28,0,0,2
0,418.39097235886226,0.12988116761348356,0.06434221165910885,86,2,10,0,0,2
0,140.6068247740152,0.1720806333582531,0.15987147749209824,86,3,32,0,0,2
0,689.8010660402126,0.15376933278235774,0.09655932278739471,86,4,24,0,0,2
0,273.7827166548573,0.1110939025249559,0.12852442711552942,86,5,47,0,0,2
0,237.3083621595141,0.06264416261416916,0.19161374961865013,87,1,14,0,0,1
0,630.876307852409,0.06763223508799152,0.13627760425917027,87,2,33,0,0,1
0,158.48172703248756,0.14573770587791496,0.1818064238532548,87,3,30,0,0,1
0,238.5233780338665,0.08306812877430989,0.05926568130970314,87,4,17,0,0,1
0,93.60201847479274,0.11308902145286545,0.14897932119381618,87,5,22,0,0,1
0,262.63606426814533,0.16397958965868473,0.06894868359717339,88,1,7,0,0,2
0,11.286574237510909,0.17385561907237146,0.18600702687529685,88,2,9,0,0,2
0,201.9905261931598,0.12264829026218184,0.08180244634110573,88,3,48,0,0,2
0,171.01606185816124,0.18100173533118075,0.16722127144260984,88,4,23,0,0,2
0,238.3444030224782,0.1969341106532579,0.08465149730522056,89,1,16,0,0,1
0,232.63191946830864,0.12839657372158353,0.06394654240962043,89,2,43,0,0,1
0,28.227213125174305,0.16203096444857495,0.055748894446822496,89,3,27,0,0,1
0,280.42042754962563,0.16464767081635343,0.1297198670664233,89,4,36,0,0,1
0,136.02914606815443,0.0744969598726311,0.1059679550441174,90,1,46,0,0,1
0,22.654553011567568,0.06326727006067746,0.14391362553463277,90,2,48,0,0,1
0,24.21687931874388,0.08824292080041102,0.10559149438066888,90,3,30,0,0,1
0,249.01416449414472,0.19523096280837915,0.12486516567145534,91,1,9,0,0,1
0,63.913010430301576,0.1545191099076732,0.05135312808294701,91,2,50,0,0,1
0,401.4726148548264,0.14452155441567643,0.09510885113877707,92,1,39,0,0,1
0,195.1049247315589,0.06121525497678416,0.18314313938597332,92,2,14,0,0,1
0,14.340340963771338,0.067594414403502,0.17138372074931485,92,3,44,0,0,1
0,29.490498359351022,0.17053554530925544,0.15896549814596206,92,4,40,0,0,1
0,83.8323085673859,0.09260101013014073,0.12518902836077037,92,5,41,0,0,1
0,212.16420188698595,0.10261755606094183,0.0580130198529177,93,1,10,0,0,1
0,224.1535899434515,0.1119063102402045,0.18722352448844115,93,2,47,0,0,1
0,37.219106023478425,0.1736399597938173,0.06379901811983914,93,3,36,0,0,1
0,14.301245385961176,0.1468389602504297,0.06653998604074285,93,4,16,0,0,1
0,56.47394795336251,0.17270959973702474,0.17160971622437016,94,1,13,0,0,1
0,333.5687534906477,0.0806145866785563,0.1925987210118023,94,2,13,0,0,1
0,80.12821235643274,0.1148419472965818,0.14339635227543598,95,1,30,0,0,1
0,241.63046114486144,0.13227878729293796,0.05546958306200281,95,2,6,0,0,1
0,66.46630991764187,0.05172674583753677,0.06444576847432847,95,3,47,0,0,1
0,223.27388246460416,0.1671341684221656,0.08017211683280506,96,1,15,0,0,2
0,287.34653110253106,0.09348599153247672,0.08881874419182151,96,2,43,0,0,2
0,242.91262767403904,0.11870923261202655,0.12322738395970159,96,3,38,0,0,2
0,63.59577335582799,0.1616807889851133,0.05599987690962633,96,4,43,0,0,2
0,578.8065077505083,0.19402292833573015,0.05083638835762999,97,1,35,0,0,1
0,27.45548617753188,0.06981237218327883,0.11269488796048087,97,2,50,0,0,1
0,935.9429980672668,0.16089413442970446,0.08739072113660004,97,3,5,0,0,1
0,117.75443907878874,0.10630798873156186,0.1965093177792392,97,4,11,0,0,1
0,247.5392145499666,0.15906470938058423,0.14735330167691907,98,1,44,0,0,2
0,220.8006987009778,0.17850400102672692,0.09292562878705785,98,2,43,0,0,2
0,279.5568799205914,0.1245542230115177,0.18690908421158398,98,3,39,0,0,2
0,200.04012343354705,0.18121906089265266,0.10587752447236738,99,1,46,0,0,2
0,9.53816780324088,0.07303004847872237,0.146603775024438,99,2,43,0,0,2
0,21.043535253201615,0.12363317963485713,0.16368217084642422,99,3,49,0,0,2
0,611.995950351662,0.13554911013921123,0.1210141066820576,99,4,35,0,0,2
0,182.2861961031529,0.05124318162918817,0.10396914653441122,100,1,27,0,0,2
0,129.14860806652467,0.09869620580314792,0.08377122110377203,100,2,17,0,0,2
0,563.005096548783,0.16707003206439036,0.19580420968207918,100,3,50,0,0,2
0,551.411055913008,0.1772766746584532,0.05142840514113159,101,1,26,0,0,2
0,434.0687530838767,0.1393326950662077,0.18486545484318662,101,2,19,0,0,2
0,65.57940472333476,0.1564579323533069,0.05370035407420565,102,1,14,0,0,2
0,74.93130975489886,0.052395945196477674,0.10134479432226196,102,2,23,0,0,2
0,204.28140956417568,0.1035641300941886,0.16239520044578415,103,1,42,0,0,2
0,77.91905032026558,0.13914759200632484,0.17667595172812278,103,2,46,0,0,2
0,91.47473384978392,0.1452512468517942,0.07143235579159897,103,3,33,0,0,2
0,195.59452723415495,0.09156469016026296,0.159660398683735,103,4,42,0,0,2
0,20.662641363998333,0.19044754622427085,0.1646676902687586,103,5,27,0,0,2
0,532.9125842500104,0.16188977738636645,0.19162764865156157,104,1,46,0,0,1
0,84.00165540312047,0.1326860554790435,0.14050393133286693,104,2,27,0,0,1
0,277.54522344658164,0.12442227749441763,0.09212268034648843,104,3,39,0,0,1
0,631.6890666228207,0.11180534769598867,0.1644878894424422,105,1,25,0,0,1
0,57.72405144971173,0.16924088017062544,0.0954872835854221,105,2,13,0,0,1
0,144.18015054635254,0.1301658072861927,0.08478084087761209,105,3,42,0,0,1
0,57.755738107797605,0.15954182758414398,0.1752153148699806,105,4,35,0,0,1
0,86.11148695623349,0.08554939067740142,0.07893678820049096,106,1,10,0,0,1
0,290.26914994465,0.05106882310116893,0.16489190787921054,106,2,28,0,0,1
0,24.61538018117688,0.07988946405154111,0.07972239589864202,106,3,38,0,0,1
0,3.1677597330849023,0.19479047886395573,0.053215072471860594,106,4,26,0,0,1
0,415.3150506484652,0.07297419593544911,0.1606773268774919,107,1,48,0,0,2
0,149.5555438068755,0.06116456153399011,0.09544177915655436,107,2,22,0,0,2
0,419.3114508487864,0.19024987584368258,0.10091171033735374,107,3,34,0,0,2
0,78.37016649430053,0.05811353857805385,0.15156905066671894,107,4,50,0,0,2
0,275.83479111561195,0.17942483967323808,0.050330279726207766,107,5,6,0,0,2
0,244.0244618494039,0.1692828612737371,0.1500130990079366,108,1,11,0,0,2
0,282.8845194210817,0.10097140058390452,0.07522880440887567,108,2,9,0,0,2
0,211.9288248291552,0.11000644700952888,0.054787847210307945,108,3,40,0,0,2
0,201.86321996352632,0.1412052370798203,0.07668997366392359,109,1,34,0,0,2
0,88.23781697422231,0.1135072949650505,0.08477579351705063,109,2,5,0,0,2
0,402.7843272225981,0.05495803016900404,0.1427829562811582,109,3,34,0,0,2
0,23.36238150252808,0.14504669749246268,0.11977616902305122,109,4,37,0,0,2
0,312.6465025623667,0.15388591772275712,0.05401144520724532,110,1,17,0,0,2
0,106.17320290548498,0.14782838038481766,0.18659504160856205,110,2,48,0,0,2
0,29.476499367045673,0.06286797635574536,0.09363029356317082,110,3,10,0,0,2
0,81.14669407947446,0.14014058887218328,0.07153143783508163,110,4,40,0,0,2
0,222.28591852669717,0.14445401866885407,0.07371550377747818,111,1,12,0,0,1
0,193.97148756744443,0.1363171114800863,0.17462616185099034,111,2,8,0,0,1
0,70.6851570728299,0.10472479403213525,0.09023393686685455,111,3,50,0,0,1
0,116.1443081241924,0.06751565215605557,0.12946346421968064,111,4,14,0,0,1
0,23.31224858819987,0.09161333217405035,0.12625166176731967,111,5,21,0,0,1
0,364.9368088195225,0.16159052727132955,0.10282681687646558,112,1,13,0,0,1
0,98.1489205363776,0.12343209822995652,0.15820850700945585,112,2,26,0,0,1
0,15.745009955062892,0.11856944492973653,0.08123325783813069,113,1,19,0,0,2
0,194.2973874221997,0.11116791894764613,0.15767100076668594,113,2,27,0,0,2
0,291.1860595260859,0.08306484032171219,0.12616555806494234,114,1,42,0,0,1
0,183.40049408680736,0.13414808903844166,0.1017718311162516,114,2,35,0,0,1
0,153.24752128182934,0.19085296843505822,0.09714739506678231,115,1,37,0,0,2
0,131.123164837159,0.15414680115725615,0.17756404953037297,115,2,22,0,0,2
0,272.3440716864377,0.17457017384058512,0.18255178500547203,115,3,34,0,0,2
0,184.11178118210125,0.15902354556585335,0.10832772622776124,115,4,19,0,0,2
0,70.24377940574955,0.1921486875833271,0.19053684688617595,115,5,18,0,0,2
0,411.7093035116527,0.09489719183796029,0.05010729511557471,116,1,13,0,0,1
0,7.766737940416272,0.09766697303494729,0.17271432524596775,116,2,35,0,0,1
0,672.5999951945807,0.05413624339599849,0.07014640669941516,117,1,16,0,0,2
0,89.87543428097896,0.12531131363972564,0.1424261896829426,117,2,14,0,0,2
0,141.42948954673227,0.11803766789489861,0.10130106458955404,118,1,12,0,0,2
0,261.79002250363675,0.12836703099052754,0.18223812834392344,118,2,16,0,0,2
0,493.49633271206335,0.18441756644177904,0.0524914243618834,118,3,42,0,0,2
0,278.82539651372394,0.17287996605077316,0.09888485386253144,118,4,8,0,0,2
0,143.52504622122598,0.1009558093809799,0.1990940384807373,119,1,42,0,0,2
0,241.39770197718929,0.18911986666532776,0.06632631129467156,119,2,41,0,0,2
0,261.360138084546,0.15886129483602104,0.17854644600005798,119,3,28,0,0,2
0,169.39547440069313,0.13680882834719665,0.12716492098664092,119,4,6,0,0,2
0,299.51576175017476,0.17652774467786975,0.17660492546905965,119,5,27,0,0,2
0,362.13019519417344,0.18751680100001328,0.07946804595714288,120,1,37,0,0,2
0,329.41193868575,0.1924924406359802,0.07808267685269392,120,2,43,0,0,2
0,453.9044046069105,0.19009992564889522,0.19516779692907604,120,3,13,0,0,2
0,250.69420553441904,0.1068141872583884,0.12856284481073016,120,4,9,0,0,2
0,389.731000180673,0.11019980796158474,0.1378045785413989,121,1,47,0,0,2
0,747.3189708059019,0.06215993610679042,0.07713314730713611,121,2,44,0,0,2
0,42.08359114870247,0.056289504651356105,0.05477365620417793,122,1,46,0,0,1
0,159.33295557411387,0.05447350172591281,0.12589925934776353,122,2,34,0,0,1
0,116.19225789473391,0.16182534642362104,0.07497707169730522,123,1,32,0,0,2
0,120.5023665686943,0.14932949575817414,0.1427613643769039,123,2,16,0,0,2
0,117.43602275140633,0.15294543185351078,0.05972814055372849,123,3,21,0,0,2
0,266.28689064275125,0.15313533133344448,0.16906590268474908,123,4,27,0,0,2
0,67.1708926752102,0.09977229172803787,0.19075544598482103,124,1,29,0,0,2
0,18.866586339239262,0.1781410406097913,0.06571666480212823,124,2,29,0,0,2
0,116.52983384889804,0.07162982383795984,0.17819619237136258,124,3,23,0,0,2
0,81.35655794579172,0.06438051696876546,0.195141764076957,125,1,37,0,0,2
0,9.947535597217652,0.101961784062451,0.09060080414708925,125,2,17,0,0,2
0,173.94350084162352,0.11133769797381601,0.10154709794878278,126,1,48,0,0,1
0,447.749931742057,0.08237977031295096,0.13837777861293377,126,2,35,0,0,1
0,19.008261839330025,0.08606194486091713,0.07499061709972533,126,3,36,0,0,1
0,115.438178824002,0.08281820630747615,0.1517290493792591,126,4,42,0,0,1
0,62.403634680482824,0.09702255280688293,0.10814018818051423,127,1,12,0,0,1
0,72.48886123804905,0.08837440228820477,0.06146962327683904,127,2,30,0,0,1
0,582.1313517478739,0.05081419506474811,0.05490332457719732,127,3,38,0,0,1
0,100.31031891011706,0.14473461209478683,0.09584449027861375,127,4,42,0,0,1
0,216.40387947018385,0.13458076075875502,0.13080998928402143,128,1,15,0,0,2
0,282.77580581240477,0.14501780587544666,0.141648634883417,128,2,10,0,0,2
0,63.63681868252672,0.17649594448283307,0.09223992210569625,128,3,32,0,0,2
0,203.9096153696416,0.17862156299589016,0.16747868817044842,129,1,26,0,0,2
0,669.0318286869918,0.05922511541804939,0.17432284254215819,129,2,44,0,0,2
0,117.52354705751102,0.18725349945964453,0.12750075089411986,129,3,32,0,0,2
0,4.027096893710607,0.1937990152027394,0.05426211871235261,130,1,19,0,0,1
0,385.21788513098,0.05885655922288215,0.1976973883065144,130,2,46,0,0,1
0,148.98658053374058,0.11883316273379345,0.1921023563233809,130,3,26,0,0,1
0,15.651980891837272,0.06913251567720673,0.14666875364366724,131,1,46,0,0,1
0,258.4279422883803,0.18715342390026296,0.09273639929155625,131,2,20,0,0,1
0,50.31185078562372,0.14767536735897133,0.08518833445153222,132,1,19,0,0,1
0,83.17293755034356,0.05367674388396293,0.07840385565139268,132,2,23,0,0,1
0,266.08050778183616,0.06076393999193654,0.11654253216284145,132,3,27,0,0,1
0,274.320062205891,0.16592519570826986,0.0793125211114228,132,4,38,0,0,1
0,241.14841162720103,0.06361131283503248,0.08064368075583186,133,1,30,0,0,1
0,735.4365937065476,0.051684719840107314,0.06727408237855127,133,2,31,0,0,1
0,201.64866651591444,0.15915344666232684,0.15341781764957713,133,3,29,0,0,1
0,380.5642877177817,0.15277881203049512,0.1480150161453766,133,4,35,0,0,1
0,88.13855678079055,0.09529850859843189,0.09249950403209659,133,5,16,0,0,1
0,219.61835987260451,0.10851660217975051,0.11603592198359795,134,1,23,0,0,2
0,613.164778860584,0.06701049077017501,0.13543675105088449,134,2,41,0,0,2
0,123.28026659947167,0.15859998282807158,0.09433083670232434,134,3,5,0,0,2
0,142.98387325540637,0.1749219817978576,0.09252908554466553,134,4,40,0,0,2
0,152.7783080096683,0.19989463615783015,0.19310287603044685,134,5,33,0,0,2
0,292.07178222620666,0.10867931802746547,0.1425834506951619,135,1,11,0,0,2
0,510.60923084007584,0.17063182135015376,0.09356397112400358,135,2,10,0,0,2
0,87.63680111926803,0.0978057783347929,0.05674612552742764,135,3,24,0,0,2
0,35.50668725644277,0.10024553057975313,0.11179256838992227,135,4,26,0,0,2
0,172.59597254037794,0.10867291424830237,0.0519466940205813,136,1,49,0,0,2
0,99.2619595383339,0.19376172200191893,0.18718322187798642,136,2,26,0,0,2
0,220.2442813859024,0.1567646081550395,0.09937569291933653,136,3,48,0,0,2
0,218.00234796740904,0.1752288879070864,0.06970732775088954,137,1,37,0,0,2
0,372.52794106375313,0.07314446168727248,0.10421379485369557,137,2,36,0,0,2
0,824.8165733255524,0.13007051648157486,0.13087472230918173,137,3,34,0,0,2
0,156.84577134997264,0.16106798360308816,0.19594714771737198,138,1,12,0,0,2
0,432.254863190646,0.19320233850642254,0.07232193856822759,138,2,19,0,0,2
0,440.8753964244464,0.19042643772284995,0.1514606961920058,139,1,13,0,0,2
0,109.45248659526403,0.053102637443402705,0.0839011076264441,139,2,14,0,0,2
0,275.37608723985545,0.16856153169306073,0.1226711192113402,139,3,11,0,0,2
0,385.819149810908,0.056984709925796094,0.08713396497400933,139,4,38,0,0,2
0,264.7788107592553,0.19204008365771952,0.07976817335602425,139,5,37,0,0,2
0,97.76756040728031,0.07658202482513542,0.0826873691649741,140,1,46,0,0,2
0,604.9697481303388,0.11787422742128946,0.08057795880343104,140,2,28,0,0,2
0,506.34844389237327,0.1380401319998516,0.10645278774770686,141,1,15,0,0,2
0,665.8016303204802,0.1968381516902093,0.14507052721145106,141,2,36,0,0,2
0,67.73581617087345,0.13873302752813743,0.1253205173252546,141,3,35,0,0,2
0,357.70644705810975,0.09122219934457548,0.09566043256081722,141,4,26,0,0,2
0,160.17003385232786,0.11445440631971354,0.16015353059698564,141,5,10,0,0,2
0,98.54368866125446,0.10560526359467612,0.099549475906207,142,1,30,0,0,2
0,394.20759747174554,0.07170247275237265,0.1282432516137308,142,2,29,0,0,2
0,251.75362037984635,0.07397373498821762,0.11282592164961078,143,1,10,0,0,2
0,166.69742577844326,0.126286644833195,0.15771608461686165,143,2,7,0,0,2
0,53.74580629222454,0.14680310163840765,0.07939935553322419,143,3,12,0,0,2
0,263.2600981745874,0.15083779698172023,0.1468009044569284,143,4,41,0,0,2
0,57.985024353860375,0.13185013344897506,0.19644953550121352,144,1,22,0,0,2
0,187.15903197914264,0.06337785815806456,0.09118624168802517,144,2,43,0,0,2
0,255.8008912384805,0.19466565085541698,0.11250729676341098,144,3,25,0,0,2
0,132.22453592041728,0.11587156425832612,0.061903164368932714,144,4,43,0,0,2
0,279.9817987889266,0.06524520637932996,0.08653916174900395,145,1,49,0,0,1
0,542.706147551912,0.1352947750745015,0.14646842830685164,145,2,48,0,0,1
0,192.98639349085508,0.06899452231656267,0.05361088929036745,145,3,18,0,0,1
0,509.93495970925727,0.10567037638734686,0.05246571473275649,146,1,45,0,0,1
0,298.6173084444015,0.07083270604513514,0.11290956557610576,146,2,47,0,0,1
0,6.508771803483596,0.05042240012728809,0.09044098298739806,146,3,9,0,0,1
0,140.04121143483883,0.06180453731845188,0.08955533770358173,147,1,46,0,0,2
0,187.0042424266433,0.08374620457512187,0.1098825467743384,147,2,19,0,0,2
0,104.33297276788616,0.1796703286303014,0.08495132652287896,147,3,32,0,0,2
0,607.0841859694415,0.13089178790671246,0.15461414730687656,147,4,13,0,0,2
0,271.9326371015368,0.13526317404504112,0.13025908074554826,147,5,39,0,0,2
0,10.557444482931633,0.07496906025325692,0.12530073699879357,148,1,7,0,0,2
0,481.01917701074166,0.16983126087984562,0.16357942465971892,148,2,44,0,0,2
0,82.04289644710109,0.09410333871382236,0.10863626245230767,149,1,16,0,0,1
0,241.93263342007552,0.1583607415606172,0.1387931829468011,149,2,38,0,0,1
0,237.836497285644,0.19806072550821996,0.1394982971622645,149,3,14,0,0,1
0,259.1233697472704,0.09407762003957204,0.162294362505366,149,4,23,0,0,1
0,631.2481783842277,0.12931798891892038,0.19273600530010737,150,1,42,0,0,2
0,271.82140864406733,0.18250777258448858,0.13363494117146824,150,2,6,0,0,2
0,600.6785653354915,0.1744718560954967,0.13715064721802192,150,3,44,0,0,2
0,289.0083944974879,0.12026471152468825,0.1161061890028136,150,4,26,0,0,2
0,139.0451073960503,0.1397226095518856,0.14163131217947317,151,1,20,0,0,1
0,9.78336291092763,0.13049867102322651,0.16179739367199167,151,2,5,0,0,1
0,173.54248681100043,0.10405973408789615,0.1885428776415517,151,3,28,0,0,1
0,244.47517536844737,0.11609897922987492,0.07012782383966068,151,4,26,0,0,1
0,100.60370014355628,0.17038829545678075,0.09185238836665646,152,1,50,0,0,2
0,73.27387417073747,0.11258657400236477,0.0948456836560772,152,2,25,0,0,2
0,114.2574516510272,0.15693865564369275,0.0602532169628269,152,3,37,0,0,2
0,165.91213150891616,0.16826197128755804,0.05246021184820065,152,4,35,0,0,2
0,309.19138011863606,0.13324872046853764,0.06513011139920083,153,1,50,0,0,1
0,130.04906286156805,0.09050055869567411,0.06235854134244219,153,2,25,0,0,1
0,206.1864416133654,0.16623643969604382,0.12881250378196182,153,3,46,0,0,1
0,184.6327338405881,0.17928655602867505,0.09550271442873098,154,1,7,0,0,1
0,98.53848549865552,0.19080675580542594,0.07362318819896195,154,2,26,0,0,1
0,51.760272762645904,0.12746544730562465,0.10825223676049464,155,1,7,0,0,1
0,361.53288999516064,0.17058839493971256,0.15117765307363318,155,2,30,0,0,1
0,198.84277966791575,0.12206980011153701,0.16774851775217597,155,3,28,0,0,1
0,75.35501321265187,0.09655915865362155,0.18726598052363352,155,4,30,0,0,1
0,274.3865061815582,0.19698083134855165,0.13469579599037984,155,5,29,0,0,1
0,155.35190465907465,0.17233436971620997,0.1468857307231736,156,1,19,0,0,1
0,54.55529616773785,0.06040992566420658,0.11212960104047218,156,2,26,0,0,1
0,455.548953225054,0.14418766815502695,0.12770205727476458,156,3,18,0,0,1
0,73.76106571253219,0.056777997008183964,0.095024677666226,156,4,30,0,0,1
0,214.15298653636688,0.055994853630840336,0.07967710299316126,157,1,29,0,0,2
0,215.1176651165608,0.15129303493801943,0.05490577224836104,157,2,22,0,0,2
0,1.7919662065041482,0.08461443570938834,0.12392319601429125,158,1,37,0,0,1
0,296.06959599369947,0.05045304289243651,0.1920209637209731,158,2,10,0,0,1
0,58.26176820364489,0.07121716497048874,0.05150475553268573,158,3,32,0,0,1
0,148.0679383538507,0.0780077591037474,0.07663182708999305,159,1,7,0,0,2
0,410.595532188666,0.18015454653783658,0.12606034147744316,159,2,30,0,0,2
0,196.44949135629304,0.09483856197503424,0.13832827725387128,160,1,28,0,0,1
0,42.71448842217778,0.07560644741510758,0.1729512340482557,160,2,12,0,0,1
0,111.55186041464368,0.051899220345538816,0.1875863259627486,160,3,8,0,0,1
0,614.4729615557617,0.11493078394280785,0.13893370729671714,160,4,42,0,0,1
0,411.1100597642543,0.16154647402504152,0.11895243314944419,161,1,50,0,0,2
0,14.433070839528826,0.1433830671842571,0.11689789466681767,161,2,49,0,0,2
0,669.8261410971677,0.1158581682010569,0.1870540139624845,162,1,49,0,0,1
0,136.00578760966928,0.1821424412021475,0.09863263062941738,162,2,18,0,0,1
0,668.3412614453547,0.19214321294458153,0.1537745427487239,162,3,24,0,0,1
0,28.48407444879609,0.19875262963619744,0.1919659577476059,162,4,12,0,0,1
0,182.4783780983209,0.11989441056130734,0.124085433274094,162,5,48,0,0,1
0,531.1255173481838,0.15650042033485406,0.1491226733613814,163,1,45,0,0,1
0,349.0646543167167,0.07422183786593331,0.16240597849623917,163,2,44,0,0,1
0,203.07542878711615,0.10574717741700812,0.08219477589595317,163,3,38,0,0,1
0,542.0078606428552,0.12114773337154873,0.12154902660810478,163,4,30,0,0,1
0,259.6172981022561,0.13015256869703684,0.18863357587740492,163,5,14,0,0,1
0,280.43446158896626,0.18796042527393036,0.14070548501702992,164,1,41,0,0,1
0,576.2728298860804,0.050056326889070864,0.09767423525537292,164,2,35,0,0,1
0,197.58967965382593,0.08434743890264618,0.1313560203297059,164,3,48,0,0,1
0,285.51358444825746,0.12697059746470984,0.06320457401681182,164,4,31,0,0,1
0,295.7559265436502,0.18903439014768436,0.10141550657434165,164,5,14,0,0,1
0,275.6061668238101,0.10439131252952141,0.0811404818556141,165,1,35,0,0,2
0,6.473547554516697,0.06966407137092664,0.16102541739642368,165,2,25,0,0,2
0,177.3400385230588,0.09066375905188945,0.18635531076183504,166,1,25,0,0,2
0,15.256563939215878,0.08906035536788098,0.1692071456361397,166,2,10,0,0,2
0,75.70738078619958,0.1457700124186048,0.09667725479603348,166,3,33,0,0,2
0,72.74000226464389,0.10679908534248411,0.14886653268196143,166,4,6,0,0,2
0,169.35082120794226,0.06726638100306524,0.14284207317732595,166,5,29,0,0,2
0,293.43689643850615,0.09488760661374748,0.18683089692784854,167,1,49,0,0,1
0,547.3277391226075,0.19798125408219697,0.08943652915727146,167,2,26,0,0,1
0,40.731314744710986,0.1448895319442627,0.17390598702330146,167,3,15,0,0,1
0,95.09478034130564,0.08916276515723454,0.11824116309085834,168,1,29,0,0,1
0,574.8286133288075,0.1436790852530413,0.15371604299648556,168,2,20,0,0,1
0,96.78501702008852,0.06220304858817753,0.060345342379418285,169,1,9,0,0,2
0,25.75896820652035,0.058616673719793816,0.17379449042037143,169,2,11,0,0,2
0,175.6261638646898,0.05558319004996199,0.187711314351014,170,1,42,0,0,1
0,293.37386518284893,0.07539605507616445,0.17105249931884559,170,2,35,0,0,1
0,299.25564367685496,0.07895143942783113,0.13213142861325294,170,3,9,0,0,1
0,160.76989140887144,0.1790162751014549,0.1936363390768202,171,1,50,0,0,2
0,13.844263814880344,0.05258589406821954,0.17479406033382255,171,2,28,0,0,2
0,15.501715109742586,0.14690575734351058,0.1808570961220673,172,1,31,0,0,1
0,273.0932231458368,0.14994731404483683,0.12655569367072544,172,2,24,0,0,1
0,458.7691692577476,0.09183656429218164,0.1682008473478312,172,3,45,0,0,1
0,317.41562970434524,0.1297972018649582,0.10659938147861006,172,4,6,0,0,1
0,279.66025069556264,0.14889942320098298,0.1312524291869291,172,5,15,0,0,1
0,222.66902033201688,0.06156571051853808,0.10798852299357042,173,1,14,0,0,2
0,168.7985172119661,0.06064461342307536,0.09894559027181637,173,2,6,0,0,2
0,206.7842970989294,0.08508913805113044,0.13953166660064412,174,1,13,0,0,1
0,74.91707808354529,0.12560767213517943,0.145035793959921,174,2,12,0,0,1
0,7.845744831895765,0.13618851352875627,0.14106360047947053,174,3,32,0,0,1
0,633.0223073051459,0.137137881874105,0.14234630819029997,174,4,37,0,0,1
0,370.9420691713001,0.08338744685492985,0.16118437430664467,175,1,45,0,0,2
0,199.23389643547708,0.16961776499677378,0.1043983035967929,175,2,12,0,0,2
0,27.87779474747359,0.14982556432419797,0.14728139164593718,176,1,43,0,0,2
0,98.51795288059816,0.06362656857547776,0.1318263272403838,176,2,14,0,0,2
0,229.0011984739212,0.11346515518245279,0.05641973699861464,176,3,43,0,0,2
0,275.50748582828777,0.08428088129391045,0.12876881453527983,177,1,50,0,0,1
0,272.7624046924006,0.1380039350947975,0.06562860545912604,177,2,21,0,0,1
0,250.5490636735231,0.17666269879874558,0.09171016254274125,177,3,47,0,0,1
0,232.86649329339335,0.18209863459229947,0.15975760600307554,177,4,33,0,0,1
0,256.11721098333476,0.11890253944656791,0.12318286911746333,177,5,23,0,0,1
0,154.99930615877136,0.10795282842479731,0.1593152299039991,178,1,31,0,0,1
0,182.76327559070185,0.12325336472245985,0.07439154410450523,178,2,48,0,0,1
0,168.02370056111985,0.17691638863076042,0.053221102636234516,178,3,50,0,0,1
0,179.26520464337452,0.09630510600123163,0.16019624806161592,178,4,41,0,0,1
0,73.29320738971163,0.1954023529870781,0.1540090653169468,178,5,31,0,0,1
0,150.32251696773844,0.1782485824244016,0.09579994022743632,179,1,41,0,0,1
0,157.83658655062953,0.15110577093341723,0.19823658050711213,179,2,22,0,0,1
0,236.03862921709825,0.10698374170365907,0.05839581872773396,180,1,16,0,0,2
0,66.40193918192867,0.19115701940806384,0.14177456883849676,180,2,39,0,0,2
0,224.05743525010823,0.09244967458089268,0.06194540050689575,181,1,30,0,0,2
0,98.2399960949292,0.1262890998734707,0.12364987832852009,181,2,42,0,0,2
0,201.12442487283903,0.12137577227017983,0.06228225969482075,181,3,16,0,0,2
0,249.63025516312524,0.1028166772605568,0.13280031364129202,182,1,36,0,0,1
0,200.75770211562033,0.12670797127464395,0.12288456159265872,182,2,24,0,0,1
0,79.29867633912741,0.08636490595539996,0.06855297972693573,182,3,37,0,0,1
0,192.2713303657413,0.0743744293353281,0.14713662479017145,182,4,17,0,0,1
0,4.195886828188688,0.10965941656989797,0.18015244635992733,182,5,21,0,0,1
0,540.5539150547268,0.133347151785315,0.18127395808872204,183,1,41,0,0,1
0,678.2996373164924,0.16797123734482017,0.09050180223579246,183,2,5,0,0,1
0,139.49783238298065,0.16652573605955656,0.09440051748615268,183,3,19,0,0,1
0,145.2278264976374,0.16885259056685187,0.1999418615942964,184,1,43,0,0,2
0,195.77629758583623,0.05612360258708906,0.0808416739864784,184,2,24,0,0,2
0,124.47481899402716,0.10574887510800791,0.0572306009949185,184,3,25,0,0,2
0,72.4902321090053,0.1983847550401573,0.14194455755454627,184,4,11,0,0,2
0,62.582677081812555,0.13175508066385858,0.0655775620408394,185,1,45,0,0,1
0,212.5553631104872,0.1371181085606339,0.18555579905107789,185,2,26,0,0,1
0,156.76431113751093,0.07773025192119992,0.15171996787637987,186,1,49,0,0,2
0,250.6485054576055,0.18626602020806138,0.10464247609764211,186,2,21,0,0,2
0,168.8674209656489,0.15655538307090405,0.13290858765026825,186,3,42,0,0,2
0,393.08515541315194,0.19318476863677325,0.05338512785794802,186,4,25,0,0,2
0,167.31872489253126,0.1433824717548323,0.15370866190807653,187,1,12,0,0,2
0,969.3936378907224,0.1988637386930548,0.13117686008850488,187,2,41,0,0,2
0,254.8620277657983,0.1830870324309552,0.12008628833692253,188,1,34,0,0,2
0,123.43241665653792,0.16746157352454302,0.17698053310722994,188,2,11,0,0,2
0,63.12548914627283,0.14708226105716202,0.07832673898705522,188,3,11,0,0,2
0,314.03942824100346,0.12736782785359058,0.13419324533636623,189,1,17,0,0,2
0,69.87804984230583,0.15964647159583395,0.11488379802195287,189,2,49,0,0,2
0,290.0131247290847,0.18752501572695218,0.1970610740918764,189,3,46,0,0,2
0,65.191591866106,0.09398684923085032,0.05682460593699036,189,4,47,0,0,2
0,259.53206518764523,0.09460369911511646,0.16632870875508873,189,5,19,0,0,2
0,9.5976584401596,0.053631022444811466,0.09090484651611748,190,1,12,0,0,1
0,103.12701715374816,0.08160297006916856,0.11140667190700018,190,2,47,0,0,1
0,21.772531855738052,0.1860100764286554,0.1380951135603471,190,3,23,0,0,1
0,72.48512533871768,0.1062820224767934,0.15877288570689918,191,1,37,0,0,2
0,93.40631484011232,0.10469831044296657,0.19701216383291031,191,2,45,0,0,2
0,23.40518491588193,0.1672186099851023,0.1623571708331492,191,3,47,0,0,2
0,455.591811987964,0.06900977679996353,0.050297219103309115,191,4,18,0,0,2
0,264.2715171009275,0.10682460438201727,0.1942188638061738,192,1,27,0,0,1
0,362.6346223019948,0.17086007596120417,0.16684859732502977,192,2,31,0,0,1
0,125.67042041448886,0.09180270043595609,0.14475788573612006,192,3,33,0,0,1
0,710.6224503158433,0.17370379544438067,0.11525597443487956,193,1,11,0,0,2
0,144.6287330726869,0.1961620593240896,0.08453359841315738,193,2,49,0,0,2
0,179.4005055459232,0.08393126282216494,0.1191106620799696,193,3,48,0,0,2
0,189.92184649227673,0.17827921256100132,0.15349854207208227,194,1,15,0,0,2
0,78.1686900169789,0.06437513824565749,0.1451726007831725,194,2,22,0,0,2
0,288.0358149244005,0.084205330461116,0.19857840596031057,194,3,18,0,0,2
0,35.84442516609658,0.15023386796714544,0.07848400610933462,194,4,8,0,0,2
0,161.64925867545605,0.1244253839562058,0.08625358631552679,195,1,40,0,0,1
0,56.49916027337371,0.19057805400576994,0.08120203888651993,195,2,30,0,0,1
0,120.42631870836529,0.19634901254122283,0.053749386089219295,196,1,26,0,0,1
0,205.89720942744484,0.09893211420560419,0.15226869446533292,196,2,12,0,0,1
0,236.34354907124467,0.14231703459652412,0.058143879141302014,196,3,11,0,0,1
0,194.58334335463533,0.06733025780179484,0.05741000500686892,196,4,12,0,0,1
0,95.83618838274543,0.1296251423212928,0.1271148147998707,196,5,22,0,0,1
0,88.27552265727526,0.06454767138030591,0.1378934556551349,197,1,35,0,0,1
0,56.88532132795298,0.12865521089775991,0.13402561699620855,197,2,50,0,0,1
0,150.18527552722526,0.15756669976201723,0.13131050140271813,197,3,7,0,0,1
0,3.658001678301763,0.18855452395556277,0.06463117158582792,197,4,14,0,0,1
0,46.12507845268053,0.06589962186825347,0.08941037780421257,198,1,26,0,0,2
0,267.1152341734909,0.058704419365409516,0.07190389777587171,198,2,34,0,0,2
0,211.2746593603233,0.0552078550292569,0.12673576867694597,199,1,7,0,0,1
0,161.8610829203123,0.07432314182004099,0.05571778069842095,199,2,13,0,0,1
0,208.99542620168884,0.14436882870271356,0.0713426155030012,199,3,43,0,0,1
0,224.40241270495667,0.1680134908358383,0.17620446423533798,199,4,37,0,0,1
0,281.24213076238516,0.0601453815115531,0.11316371103510554,199,5,45,0,0,1
0,96.94102522975446,0.059550640816145264,0.08750771622277789,200,1,37,0,0,1
0,263.42021306867747,0.11613530011828743,0.19579875611229647,200,2,13,0,0,1
0,734.0569102665527,0.06813763206911606,0.07726388596119164,200,3,26,0,0,1
0,256.22824679267865,0.16365681338222865,0.169645939807904,200,4,14,0,0,1
0,136.86721442529242,0.18161095092594903,0.12426109389206992,201,1,34,0,0,1
0,662.143405539131,0.1191467317390245,0.19383934307441913,201,2,48,0,0,1
0,180.84150655159547,0.1726744096933048,0.19209585359743497,201,3,50,0,0,1
0,684.1758776626152,0.1582972636969954,0.1707600421126163,201,4,17,0,0,1
0,251.13292075154783,0.1487142955509005,0.06378165367735714,201,5,47,0,0,1
0,265.6805614688811,0.1763321531105067,0.16985242296684272,202,1,40,0,0,1
0,297.3903020059593,0.09081050588160344,0.1750698273144215,202,2,9,0,0,1
0,176.19443278843946,0.09978367417159842,0.06113689055224213,202,3,32,0,0,1
0,34.08276174843209,0.11289430170655479,0.0845223725264051,202,4,45,0,0,1
0,496.8237987372147,0.1668027025149716,0.14532160633065022,202,5,18,0,0,1
0,212.14689793190712,0.08016495547643077,0.1751909897527344,203,1,20,0,0,2
0,7.704148803505309,0.07247154848819887,0.1638347384699917,203,2,46,0,0,2
0,280.9028194024066,0.13277353780846654,0.05279971839268116,203,3,29,0,0,2
0,23.796992972369903,0.16792893020352906,0.13858969006310323,203,4,9,0,0,2
0,154.1467038031471,0.17350735868490588,0.09429255265969552,204,1,49,0,0,1
0,164.26050763248128,0.1467937377110688,0.10733162540909498,204,2,39,0,0,1
0,65.79485580699165,0.09946275043094724,0.1064784422210208,205,1,20,0,0,1
0,279.97265957085153,0.1808895458334503,0.1367809311774054,205,2,19,0,0,1
0,133.06302135111582,0.17682252426325773,0.09298140406288585,205,3,29,0,0,1
0,133.0015093417786,0.1470739613922039,0.08130194281485394,206,1,29,0,0,2
0,263.4908475811648,0.08857005870401904,0.09729307689367198,206,2,49,0,0,2
0,552.9931829969166,0.0793102745840804,0.08267721345760709,206,3,22,0,0,2
0,206.60618996158635,0.14029363556382005,0.07569410800980718,206,4,45,0,0,2
0,170.8609650694383,0.10901384237609198,0.09072556244180428,207,1,25,0,0,1
0,643.8297809972244,0.08784444688671256,0.13131853539710614,207,2,45,0,0,1
0,213.79295425617624,0.1497854926658562,0.07151740317177538,207,3,48,0,0,1
0,285.34051981803276,0.17073738768633068,0.07183870379619763,207,4,43,0,0,1
0,229.29546188715088,0.16998446608417317,0.13520475179577185,207,5,35,0,0,1
0,336.63170294142054,0.07885365979574133,0.13319025422863842,208,1,14,0,0,2
0,680.5788566022987,0.05275317508161939,0.1656667755414905,208,2,6,0,0,2
0,564.5457912215478,0.18394544767403614,0.06170659630024642,208,3,11,0,0,2
0,272.57948291431063,0.12944599222971853,0.1531030999707311,208,4,12,0,0,2
0,22.612227647393443,0.0563811724033957,0.0922862473386245,209,1,23,0,0,2
0,52.42728319554202,0.18485959912036287,0.17020759621026826,209,2,12,0,0,2
0,706.5719091796726,0.056875228591692334,0.14028248423576542,209,3,24,0,0,2
0,100.10186658993771,0.11672272190849688,0.05245905073071982,210,1,50,0,0,2
0,266.14627893816004,0.08106475510000573,0.127671180086143,210,2,50,0,0,2
0,577.5983221574404,0.07538013194700269,0.13850106930201975,210,3,41,0,0,2
0,217.65408266607096,0.1870914581018251,0.12234941315755915,210,4,11,0,0,2
0,289.4845857673343,0.1616160032038537,0.1770553795236523,211,1,11,0,0,2
0,31.794135272875543,0.15345120324591072,0.16759840422621702,211,2,18,0,0,2
0,163.330747275346,0.13527685060939532,0.1031043931937554,211,3,14,0,0,2
0,42.58127970688293,0.0902124119337295,0.15220864287533742,211,4,31,0,0,2
0,638.7617564175846,0.08289477245543836,0.0990389487487944,211,5,48,0,0,2
0,630.3855876464563,0.11851567356951996,0.13950394012073872,212,1,32,0,0,1
0,660.1733751386364,0.17568800282112718,0.05442302818385174,212,2,5,0,0,1
0,170.60050467244633,0.18616103304678355,0.17538853032514118,213,1,22,0,0,2
0,203.58948210334464,0.09233567873468781,0.10919294638793664,213,2,21,0,0,2
0,264.4467461881968,0.13882037017652143,0.1908525397820412,213,3,15,0,0,2
0,17.961670008237288,0.12563293347093551,0.09585646012883163,213,4,35,0,0,2
0,389.50651261102456,0.1569017542414361,0.09426399720226455,213,5,46,0,0,2
0,223.03046787920832,0.14986054151236827,0.06336745943190406,214,1,28,0,0,1
0,292.94119108038694,0.1253327427437349,0.09525902759350327,214,2,37,0,0,1
0,580.3562817865725,0.12955072905826545,0.07562702368237827,215,1,24,0,0,1
0,36.4958678521988,0.1468175044554304,0.06469552285945274,215,2,29,0,0,1
0,101.24217456154196,0.09299820566377548,0.14052101136527162,215,3,34,0,0,1
0,82.93005455986723,0.15717188642063062,0.08389575016518534,215,4,10,0,0,1
0,721.133372105022,0.18869783506727966,0.07759800443388945,215,5,28,0,0,1
0,125.22961103142286,0.17070700514467335,0.09673286091014252,216,1,11,0,0,2
0,539.8043547628961,0.17449567122889292,0.15784626430569706,216,2,24,0,0,2
0,182.29210053638383,0.1336843001765997,0.07259735205886078,217,1,39,0,0,1
0,299.2801034203757,0.09836903017616802,0.09773762042181122,217,2,10,0,0,1
0,163.57125121654835,0.061424744946509915,0.12869815375381538,218,1,33,0,0,2
0,98.0301473139182,0.07058611840361485,0.14721273338620525,218,2,48,0,0,2
0,518.3481037897815,0.17629249650503476,0.14062036345178763,218,3,31,0,0,2
0,274.7625184703434,0.15224870216270325,0.18263936513591644,219,1,40,0,0,1
0,237.7325798381732,0.1433306244094298,0.13566055649088615,219,2,23,0,0,1
0,146.50144467614092,0.05249378157324417,0.19367574630801376,220,1,20,0,0,2
0,260.14379075473107,0.105344860803011,0.06236026184448462,220,2,47,0,0,2
0,43.26408026347189,0.17518472125737822,0.18949168382952614,221,1,20,0,0,2
0,296.428484180428,0.07181285813979658,0.06542774984112804,221,2,42,0,0,2
0,565.2382114625821,0.16830496411895343,0.05209844828346934,221,3,8,0,0,2
0,279.8141134249881,0.18755536342872953,0.059446852765872235,222,1,33,0,0,1
0,140.83381130283303,0.10585466362366155,0.16013771139313332,222,2,18,0,0,1
0,353.0176785233726,0.17421056155888304,0.09486528900290195,222,3,31,0,0,1
0,271.8219819205259,0.07019216327401705,0.11682133760682413,222,4,13,0,0,1
0,204.7792639469723,0.06489272964961051,0.18461245516542174,223,1,36,0,0,2
0,20.254411523243625,0.13539553700948598,0.16678073882255218,223,2,47,0,0,2
0,263.1455337403386,0.07218272430053913,0.12484017394063127,223,3,24,0,0,2
0,129.6561435373212,0.17033715490114543,0.18282727471424337,223,4,30,0,0,2
0,225.85754779738744,0.09132716489413625,0.1448560290766126,224,1,31,0,0,2
0,380.7211917826549,0.14063376178910025,0.1516067617422218,224,2,22,0,0,2
0,32.541935024291924,0.1574559181831296,0.08498479665902904,224,3,32,0,0,2
0,272.22059287162676,0.167438140816502,0.1695126578433523,225,1,31,0,0,1
0,111.89966428773168,0.08118147001367856,0.14221246367938195,225,2,44,0,0,1
0,557.0334842377736,0.0879502480643568,0.08933869574552178,226,1,25,0,0,2
0,138.88843260860548,0.07247356670321485,0.17931392359603227,226,2,16,0,0,2
0,43.70939896534121,0.10948583816509966,0.10770251967600154,227,1,30,0,0,1
0,39.28137011337959,0.11670737636411652,0.19028014901891738,227,2,44,0,0,1
0,136.7723664628286,0.16687049911775526,0.06061948473677038,227,3,10,0,0,1
0,203.63763155327905,0.15617990203095405,0.14170758262734875,227,4,34,0,0,1
0,83.92572678909193,0.07938639051023688,0.19757829081105355,228,1,36,0,0,2
0,286.5174287416235,0.19370678806933683,0.12047615886545741,228,2,31,0,0,2
0,236.7075288377524,0.14487482790236983,0.05438201218398758,228,3,13,0,0,2
0,175.96874329059224,0.1275815438040727,0.05336541091098862,228,4,45,0,0,2
0,297.41286513309325,0.14408113770271708,0.08855113720206204,228,5,9,0,0,2
0,154.1082573780887,0.16189363463288914,0.12467596339631047,229,1,10,0,0,1
0,77.21383084053808,0.13400980673374296,0.12866101210641062,229,2,45,0,0,1
0,68.08153418246135,0.1915034021253575,0.11259208612180113,229,3,9,0,0,1
0,69.27158094279947,0.0942494868375423,0.17239316092525725,229,4,5,0,0,1
0,160.0398843656361,0.05962231480573614,0.11738504918447722,229,5,37,0,0,1
0,1.5380883676071797,0.12803566720689352,0.1422835368832358,230,1,16,0,0,1
0,55.775929125177136,0.10172371216787472,0.10393126187174745,230,2,21,0,0,1
0,676.1715577072102,0.05681185133732761,0.10834413400137242,230,3,6,0,0,1
0,456.04063203029375,0.18815262291142953,0.10085472529534001,230,4,27,0,0,1
0,173.80325924753473,0.05153504490778922,0.16296417791250695,231,1,32,0,0,2
0,101.8192416568352,0.051389816141839836,0.19350123295367283,231,2,45,0,0,2
0,218.90614892571492,0.16111774847545224,0.14577007232336148,231,3,39,0,0,2
0,57.871595608970274,0.19116104240529702,0.18283762527970843,232,1,50,0,0,1
0,603.5280699932853,0.14921488728824633,0.13941598628866791,232,2,31,0,0,1
0,268.0942058554167,0.1764664286944399,0.12804263256481582,232,3,48,0,0,1
